timestamp,pair,side,units,order_id
2025-07-08T22:09:41.354846,EUR_USD,LONG,1000,34
2025-07-08T22:09:41.579438,USD_JPY,LONG,1000,36
2025-07-08T22:09:41.783404,GBP_USD,LONG,1000,38
2025-07-08T22:09:42.002172,AUD_USD,LONG,1000,40
2025-07-08T22:09:42.204683,USD_CAD,SHORT,-1000,42
2025-07-08T22:10:42.616413,EUR_USD,LONG,1000,44
2025-07-08T22:10:42.803683,USD_JPY,LONG,1000,46
2025-07-08T22:10:43.050406,GBP_USD,LONG,1000,48
2025-07-08T22:10:43.303452,AUD_USD,LONG,1000,50
2025-07-08T22:10:43.494229,USD_CAD,SHORT,-1000,52
2025-07-08T22:11:43.919338,EUR_USD,LONG,1000,54
2025-07-08T22:11:44.130682,USD_JPY,LONG,1000,56
2025-07-08T22:11:44.323432,GBP_USD,LONG,1000,58
2025-07-08T22:11:44.512267,AUD_USD,LONG,1000,60
2025-07-08T22:11:44.706167,USD_CAD,SHORT,-1000,62
2025-07-08T22:12:45.158199,EUR_USD,LONG,1000,64
2025-07-08T22:12:45.384673,USD_JPY,LONG,1000,66
2025-07-08T22:12:45.578017,GBP_USD,LONG,1000,68
2025-07-08T22:12:45.749581,AUD_USD,LONG,1000,70
2025-07-08T22:12:45.922650,USD_CAD,SHORT,-1000,72
2025-07-08T22:13:46.328895,EUR_USD,LONG,1000,74
2025-07-08T22:13:46.526746,USD_JPY,LONG,1000,76
2025-07-08T22:13:46.735003,GBP_USD,LONG,1000,78
2025-07-08T22:13:47.014292,AUD_USD,LONG,1000,80
2025-07-08T22:13:47.212629,USD_CAD,SHORT,-1000,82
2025-07-08T22:14:47.929562,EUR_USD,LONG,1000,84
2025-07-08T22:14:48.119049,USD_JPY,LONG,1000,86
2025-07-08T22:14:48.304100,GBP_USD,LONG,1000,88
2025-07-08T22:14:48.530533,AUD_USD,LONG,1000,90
2025-07-08T22:14:48.721507,USD_CAD,SHORT,-1000,92
2025-07-08T22:15:49.193810,EUR_USD,LONG,1000,94
2025-07-08T22:15:49.366225,USD_JPY,LONG,1000,96
2025-07-08T22:15:49.553578,GBP_USD,LONG,1000,98
2025-07-08T22:15:49.749990,AUD_USD,LONG,1000,100
2025-07-08T22:15:49.950807,USD_CAD,SHORT,-1000,102
2025-07-08T22:16:50.733281,EUR_USD,LONG,1000,104
2025-07-08T22:16:50.925336,USD_JPY,LONG,1000,106
2025-07-08T22:16:51.167827,GBP_USD,LONG,1000,108
2025-07-08T22:16:51.357124,AUD_USD,LONG,1000,110
2025-07-08T22:16:51.566744,USD_CAD,SHORT,-1000,112
2025-07-08T22:17:51.998044,EUR_USD,LONG,1000,114
2025-07-08T22:17:52.200101,USD_JPY,LONG,1000,116
2025-07-08T22:17:52.397996,GBP_USD,LONG,1000,118
2025-07-08T22:17:52.596832,AUD_USD,LONG,1000,120
2025-07-08T22:17:52.773918,USD_CAD,SHORT,-1000,122
2025-07-08T22:18:53.225026,EUR_USD,LONG,1000,124
2025-07-08T22:18:53.417864,USD_JPY,LONG,1000,126
2025-07-08T22:18:53.595308,GBP_USD,LONG,1000,128
2025-07-08T22:18:54.017754,AUD_USD,LONG,1000,130
2025-07-08T22:18:54.188481,USD_CAD,LONG,1000,132
2025-07-08T22:19:54.590455,EUR_USD,LONG,1000,134
2025-07-08T22:19:54.753111,USD_JPY,LONG,1000,136
2025-07-08T22:19:54.940369,GBP_USD,LONG,1000,138
2025-07-08T22:19:55.146512,AUD_USD,LONG,1000,140
2025-07-08T22:19:55.435989,USD_CAD,LONG,1000,142
2025-07-08T22:20:56.178300,EUR_USD,LONG,1000,144
2025-07-08T22:20:56.350977,USD_JPY,LONG,1000,146
2025-07-08T22:20:56.534450,GBP_USD,LONG,1000,148
2025-07-08T22:20:56.729573,AUD_USD,LONG,1000,150
2025-07-08T22:20:57.019443,USD_CAD,LONG,1000,152
2025-07-08T22:21:57.457918,EUR_USD,LONG,1000,154
2025-07-08T22:21:57.652880,USD_JPY,LONG,1000,156
2025-07-08T22:21:57.816944,GBP_USD,LONG,1000,158
2025-07-08T22:21:58.058963,AUD_USD,LONG,1000,160
2025-07-08T22:21:58.227117,USD_CAD,LONG,1000,162
2025-07-08T22:22:58.680335,EUR_USD,LONG,1000,164
2025-07-08T22:22:58.852443,USD_JPY,LONG,1000,166
2025-07-08T22:22:59.040374,GBP_USD,LONG,1000,168
2025-07-08T22:22:59.240018,AUD_USD,LONG,1000,170
2025-07-08T22:22:59.412867,USD_CAD,LONG,1000,172
2025-07-08T22:24:00.277959,EUR_USD,LONG,1000,174
2025-07-08T22:24:00.670256,USD_JPY,LONG,1000,176
2025-07-08T22:24:00.861930,GBP_USD,LONG,1000,178
2025-07-08T22:24:01.042453,AUD_USD,LONG,1000,180
2025-07-08T22:24:01.372996,USD_CAD,LONG,1000,182
2025-07-08T22:25:01.828948,EUR_USD,LONG,1000,184
2025-07-08T22:25:02.128927,USD_JPY,LONG,1000,186
2025-07-08T22:25:02.333848,GBP_USD,LONG,1000,188
2025-07-08T22:25:02.503793,AUD_USD,LONG,1000,190
2025-07-08T22:25:02.682809,USD_CAD,LONG,1000,192
2025-07-08T22:26:03.123582,EUR_USD,LONG,1000,194
2025-07-08T22:26:03.367946,USD_JPY,LONG,1000,196
2025-07-08T22:26:03.539358,GBP_USD,LONG,1000,198
2025-07-08T22:26:03.712005,AUD_USD,LONG,1000,200
2025-07-08T22:26:03.961117,USD_CAD,LONG,1000,202
2025-07-08T22:27:04.436561,EUR_USD,LONG,1000,204
2025-07-08T22:27:04.627350,USD_JPY,LONG,1000,206
2025-07-08T22:27:04.890580,GBP_USD,LONG,1000,208
2025-07-08T22:27:05.071103,AUD_USD,LONG,1000,210
2025-07-08T22:27:05.247880,USD_CAD,LONG,1000,212
2025-07-08T22:28:05.667800,EUR_USD,LONG,1000,214
2025-07-08T22:28:05.879508,USD_JPY,SHORT,-1000,216
2025-07-08T22:28:06.190223,GBP_USD,LONG,1000,218
2025-07-08T22:28:06.436182,AUD_USD,LONG,1000,220
2025-07-08T22:28:06.617391,USD_CAD,LONG,1000,222
2025-07-08T22:29:07.107664,EUR_USD,LONG,1000,224
2025-07-08T22:29:07.282043,USD_JPY,SHORT,-1000,226
2025-07-08T22:29:07.502517,GBP_USD,LONG,1000,228
2025-07-08T22:29:07.710986,AUD_USD,LONG,1000,230
2025-07-08T22:29:07.978648,USD_CAD,LONG,1000,232
2025-07-08T22:30:08.565804,EUR_USD,LONG,1000,234
2025-07-08T22:30:08.810013,USD_JPY,SHORT,-1000,236
2025-07-08T22:30:09.015946,GBP_USD,LONG,1000,238
2025-07-08T22:30:09.216774,AUD_USD,LONG,1000,240
2025-07-08T22:30:09.512799,USD_CAD,LONG,1000,242
2025-07-08T22:31:10.256242,EUR_USD,LONG,1000,244
2025-07-08T22:31:10.553655,USD_JPY,SHORT,-1000,246
2025-07-08T22:31:10.786968,GBP_USD,LONG,1000,248
2025-07-08T22:31:10.980765,AUD_USD,LONG,1000,250
2025-07-08T22:31:11.160339,USD_CAD,LONG,1000,252
2025-07-08T22:32:11.639658,EUR_USD,LONG,1000,254
2025-07-08T22:32:11.837923,USD_JPY,SHORT,-1000,256
2025-07-08T22:32:12.009914,GBP_USD,LONG,1000,258
2025-07-08T22:32:12.197742,AUD_USD,LONG,1000,260
2025-07-08T22:32:12.539853,USD_CAD,LONG,1000,262
2025-07-08T22:33:13.029740,EUR_USD,LONG,1000,264
2025-07-08T22:33:13.260541,USD_JPY,SHORT,-1000,266
2025-07-08T22:33:13.425856,GBP_USD,LONG,1000,268
2025-07-08T22:33:13.637506,AUD_USD,LONG,1000,270
2025-07-08T22:33:13.864331,USD_CAD,LONG,1000,272
2025-07-08T22:34:14.299888,EUR_USD,LONG,1000,274
2025-07-08T22:34:14.536248,USD_JPY,SHORT,-1000,276
2025-07-08T22:34:14.781707,GBP_USD,LONG,1000,278
2025-07-08T22:34:14.956819,AUD_USD,LONG,1000,280
2025-07-08T22:34:15.120714,USD_CAD,SHORT,-1000,282
2025-07-08T22:35:15.938106,EUR_USD,LONG,1000,284
2025-07-08T22:35:16.124394,USD_JPY,SHORT,-1000,286
2025-07-08T22:35:16.328070,GBP_USD,LONG,1000,288
2025-07-08T22:35:16.522262,AUD_USD,LONG,1000,290
2025-07-08T22:35:16.761388,USD_CAD,SHORT,-1000,292
2025-07-08T22:36:17.209020,EUR_USD,LONG,1000,294
2025-07-08T22:36:17.382892,USD_JPY,SHORT,-1000,296
2025-07-08T22:36:17.547006,GBP_USD,LONG,1000,298
2025-07-08T22:36:17.727384,AUD_USD,LONG,1000,300
2025-07-08T22:36:17.901690,USD_CAD,SHORT,-1000,302
2025-07-08T22:37:18.339452,EUR_USD,LONG,1000,304
2025-07-08T22:37:18.519284,USD_JPY,SHORT,-1000,306
2025-07-08T22:37:18.775174,GBP_USD,LONG,1000,308
2025-07-08T22:37:18.962492,AUD_USD,LONG,1000,310
2025-07-08T22:37:19.142815,USD_CAD,SHORT,-1000,312
2025-07-08T22:38:19.684044,EUR_USD,LONG,1000,314
2025-07-08T22:38:19.852998,USD_JPY,SHORT,-1000,316
2025-07-08T22:38:20.107153,GBP_USD,LONG,1000,318
2025-07-08T22:38:20.295165,AUD_USD,LONG,1000,320
2025-07-08T22:38:20.467361,USD_CAD,SHORT,-1000,322
2025-07-08T22:39:21.457016,EUR_USD,LONG,1000,324
2025-07-08T22:39:21.698755,USD_JPY,SHORT,-1000,326
2025-07-08T22:39:21.958583,GBP_USD,LONG,1000,328
2025-07-08T22:39:22.124414,AUD_USD,LONG,1000,330
2025-07-08T22:39:22.304664,USD_CAD,SHORT,-1000,332
2025-07-08T22:40:22.966351,EUR_USD,LONG,1000,334
2025-07-08T22:40:23.173800,USD_JPY,SHORT,-1000,336
2025-07-08T22:40:23.529677,GBP_USD,LONG,1000,338
2025-07-08T22:40:23.809531,AUD_USD,LONG,1000,340
2025-07-08T22:40:23.993128,USD_CAD,SHORT,-1000,342
2025-07-08T22:41:24.633584,EUR_USD,LONG,1000,344
2025-07-08T22:41:24.819262,USD_JPY,SHORT,-1000,346
2025-07-08T22:41:24.994799,GBP_USD,LONG,1000,348
2025-07-08T22:41:25.210816,AUD_USD,LONG,1000,350
2025-07-08T22:41:25.419172,USD_CAD,SHORT,-1000,352
2025-07-08T22:42:26.175940,EUR_USD,LONG,1000,354
2025-07-08T22:42:26.382779,USD_JPY,SHORT,-1000,356
2025-07-08T22:42:26.677442,GBP_USD,LONG,1000,358
2025-07-08T22:42:26.923790,AUD_USD,LONG,1000,360
2025-07-08T22:42:27.147553,USD_CAD,SHORT,-1000,362
2025-07-08T22:43:27.532007,EUR_USD,LONG,1000,364
2025-07-08T22:43:27.709456,USD_JPY,SHORT,-1000,366
2025-07-08T22:43:27.881358,GBP_USD,LONG,1000,368
2025-07-08T22:43:28.103565,AUD_USD,LONG,1000,370
2025-07-08T22:43:28.370933,USD_CAD,SHORT,-1000,372
2025-07-09T00:43:01.663885,EUR_USD,SHORT,-1000,374
2025-07-09T00:43:01.858093,USD_JPY,SHORT,-1000,376
2025-07-09T00:43:02.160265,GBP_USD,LONG,1000,378
2025-07-09T00:43:02.450985,AUD_USD,LONG,1000,380
2025-07-09T00:43:02.718000,USD_CAD,SHORT,-1000,382
2025-07-09T00:44:03.398881,EUR_USD,LONG,1000,384
2025-07-09T03:57:13.929451,EUR_USD,SELL,-1000,386
2025-07-09T03:57:14.549849,USD_CAD,BUY,-1000,388
2025-07-09T04:06:24.575640,USD_CAD,SELL,-1000,390
2025-07-09T04:08:26.321014,AUD_USD,SELL,-1000,392
2025-07-09T04:09:26.808905,EUR_USD,BUY,-1000,394
2025-07-09T04:09:26.995994,USD_JPY,SELL,-1000,396
2025-07-09T04:15:31.314829,USD_JPY,SELL,-1000,398
2025-07-09T04:21:36.187429,EUR_USD,SELL,-1000,400
2025-07-09T04:21:36.435429,GBP_USD,SELL,-1000,402
2025-07-09T04:23:38.310295,EUR_USD,BUY,-1000,404
2025-07-09T04:23:38.682212,AUD_USD,BUY,-1000,406
2025-07-09T04:24:39.692704,GBP_USD,BUY,-1000,408
2025-07-09T04:26:41.515424,EUR_USD,SELL,-1000,410
2025-07-09T11:54:16.578826,GBP_AUD,SELL,-1000,412,2.08216,2.08257,2.08134
2025-07-09T11:59:35.376773,GBP_JPY,BUY,1000,423,199.26000,199.21000,199.35900
2025-07-09T11:59:45.843486,GBP_JPY,SELL,-1000,427,199.26150,199.31100,199.16200
2025-07-09T11:59:51.114685,GBP_JPY,BUY,1000,431,199.26500,199.21500,199.36500
2025-07-09T11:59:56.611002,GBP_JPY,SELL,-1000,435,199.26200,199.31200,199.16200
2025-07-09T12:00:02.217139,GBP_JPY,BUY,1000,439,199.27200,199.22300,199.37000
2025-07-09T12:00:18.352738,GBP_JPY,SELL,-1000,443,199.26500,199.31700,199.16100
2025-07-09T12:00:29.201456,GBP_JPY,BUY,1000,447,199.26800,199.21500,199.37500
2025-07-09T12:00:34.503777,GBP_JPY,SELL,-1000,451,199.25400,199.30700,199.14700
2025-07-09T12:00:39.902377,GBP_JPY,BUY,1000,455,199.26250,199.20900,199.36900
2025-07-09T12:00:45.201499,GBP_JPY,SELL,-1000,459,199.26150,199.31500,199.15500
2025-07-09T12:00:50.528006,GBP_JPY,BUY,1000,463,199.26650,199.21300,199.37300
2025-07-09T12:01:00.903118,GBP_JPY,SELL,-1000,467,199.25050,199.30400,199.14300
2025-07-09T12:01:16.627545,GBP_JPY,BUY,1000,471,199.25250,199.19900,199.36000
2025-07-09T12:01:37.401790,GBP_JPY,SELL,-1000,475,199.26300,199.31900,199.15200
2025-07-09T12:01:48.175668,GBP_JPY,BUY,1000,479,199.25850,199.20300,199.36900
2025-07-09T12:01:59.241431,GBP_JPY,SELL,-1000,483,199.25350,199.30900,199.14300
2025-07-09T12:02:09.592987,GBP_JPY,BUY,1000,487,199.24700,199.19300,199.35400
2025-07-09T12:02:25.863898,GBP_JPY,SELL,-1000,491,199.24850,199.30200,199.14100
2025-07-09T12:02:36.420726,GBP_JPY,BUY,1000,495,199.24800,199.19400,199.35500
2025-07-09T12:02:52.019971,GBP_JPY,SELL,-1000,499,199.25050,199.30400,199.14300
2025-07-09T12:03:26.006075,GBP_JPY,BUY,1000,503,199.23050,199.17900,199.33400
2025-07-09T12:03:41.631303,GBP_JPY,SELL,-1000,507,199.22400,199.27600,199.12000
2025-07-09T12:03:46.989253,GBP_JPY,BUY,1000,511,199.23000,199.17800,199.33400
2025-07-09T12:03:57.259086,GBP_JPY,SELL,-1000,515,199.23450,199.28600,199.13100
2025-07-09T12:04:24.504268,GBP_JPY,BUY,1000,519,199.21400,199.16500,199.31100
2025-07-09T12:04:34.836300,GBP_JPY,SELL,-1000,523,199.21550,199.26400,199.11800
2025-07-09T12:04:40.140967,GBP_JPY,BUY,1000,527,199.21950,199.17100,199.31700
2025-07-09T12:04:45.618961,GBP_JPY,SELL,-1000,531,199.21650,199.26500,199.11900
2025-07-09T12:04:50.803815,GBP_JPY,BUY,1000,535,199.22000,199.17100,199.31800
2025-07-09T12:04:56.206208,GBP_JPY,SELL,-1000,539,199.21950,199.26800,199.12200
2025-07-09T12:05:19.112713,GBP_JPY,BUY,1000,543,199.21750,199.16900,199.31500
2025-07-09T12:05:24.318262,GBP_JPY,SELL,-1000,547,199.21700,199.26600,199.12000
2025-07-09T12:05:48.095674,GBP_JPY,BUY,1000,551,199.20800,199.15900,199.30700
2025-07-09T12:05:53.500284,GBP_JPY,SELL,-1000,555,199.20350,199.25300,199.10500
2025-07-09T12:05:58.695237,GBP_JPY,BUY,1000,559,199.20450,199.15500,199.30300
2025-07-09T12:06:04.028944,GBP_JPY,SELL,-1000,563,199.19450,199.24100,199.10100
2025-07-09T12:06:09.323733,GBP_JPY,BUY,1000,567,199.19650,199.15000,199.29000
2025-07-09T12:06:36.972304,GBP_JPY,SELL,-1000,571,199.21000,199.25800,199.11400
2025-07-09T12:06:42.282749,GBP_JPY,BUY,1000,575,199.21600,199.16800,199.31200
2025-07-09T12:07:23.775390,GBP_JPY,BUY,1000,579,199.22050,199.17400,199.31400
2025-07-09T12:07:35.084110,GBP_JPY,SELL,-1000,581,199.22800,199.27600,199.13200
2025-07-09T12:07:40.424592,GBP_JPY,BUY,1000,585,199.23350,199.18500,199.33100
2025-07-09T12:07:50.986796,GBP_JPY,SELL,-1000,589,199.22350,199.27300,199.12500
2025-07-09T12:08:06.473981,GBP_JPY,BUY,1000,593,199.21900,199.17300,199.31100
2025-07-09T12:08:11.720636,GBP_JPY,SELL,-1000,597,199.20800,199.25400,199.11600
2025-07-09T12:08:22.287074,GBP_JPY,BUY,1000,601,199.19700,199.15000,199.29200
2025-07-09T12:08:59.893363,GBP_JPY,SELL,-1000,605,199.21950,199.26900,199.12100
2025-07-09T12:09:10.664356,GBP_JPY,BUY,1000,609,199.22400,199.17600,199.32100
2025-07-09T12:09:50.861797,GBP_JPY,SELL,-1000,613,199.24400,199.29400,199.14300
2025-07-09T12:09:56.174197,GBP_JPY,BUY,1000,617,199.25800,199.20700,199.36100
2025-07-09T12:10:06.556975,GBP_JPY,SELL,-1000,621,199.26200,199.30900,199.16900
2025-07-09T12:10:11.754878,GBP_JPY,BUY,1000,625,199.27200,199.22500,199.36600
2025-07-09T12:10:17.238241,GBP_JPY,SELL,-1000,629,199.26900,199.31600,199.17400
2025-07-09T12:31:54.015992,GBP_JPY,BUY,1000,638,199.34000,199.27979,199.46043
2025-07-09T12:31:59.511875,GBP_JPY,SELL,-1000,642,199.33850,199.39871,199.21807
2025-07-09T12:32:04.761283,GBP_JPY,BUY,1000,646,199.34450,199.29211,199.44929
2025-07-09T12:32:15.408716,GBP_JPY,SELL,-1000,650,199.34500,199.39761,199.23979
2025-07-09T12:32:38.539091,GBP_JPY,BUY,1000,654,199.32950,199.27507,199.43836
2025-07-09T12:32:43.914750,GBP_JPY,SELL,-1000,658,199.32750,199.38193,199.21864
2025-07-09T12:32:55.775031,GBP_JPY,BUY,1000,662,199.34850,199.29375,199.45800
2025-07-09T12:33:01.122773,GBP_JPY,SELL,-1000,666,199.34350,199.39825,199.23400
2025-07-09T12:33:06.386037,GBP_JPY,BUY,1000,670,199.34600,199.29371,199.45057
2025-07-09T12:33:11.783638,GBP_JPY,SELL,-1000,674,199.33600,199.38904,199.22993
2025-07-09T12:33:17.231338,GBP_JPY,BUY,1000,678,199.33750,199.28446,199.44357
2025-07-09T12:33:22.879602,GBP_JPY,SELL,-1000,682,199.33100,199.38457,199.22386
2025-07-09T12:33:38.916646,GBP_JPY,BUY,1000,686,199.32800,199.27389,199.43621
2025-07-09T12:33:44.418904,GBP_JPY,SELL,-1000,690,199.32250,199.37682,199.21386
2025-07-09T12:33:49.833450,GBP_JPY,BUY,1000,694,199.33050,199.27618,199.43914
2025-07-09T12:33:55.119244,GBP_JPY,SELL,-1000,698,199.32950,199.38382,199.22086
2025-07-09T12:34:15.939804,GBP_JPY,BUY,1000,702,199.32000,199.26911,199.42179
2025-07-09T12:34:21.344382,GBP_JPY,SELL,-1000,706,199.30650,199.35782,199.20386
2025-07-09T12:34:31.930074,GBP_JPY,BUY,1000,710,199.31550,199.26386,199.41879
2025-07-09T12:34:37.241831,GBP_JPY,SELL,-1000,714,199.30850,199.36014,199.20521
2025-07-09T12:35:01.213832,GBP_JPY,BUY,1000,718,199.29500,199.24496,199.39507
2025-07-09T12:35:06.429518,GBP_JPY,SELL,-1000,722,199.28950,199.33954,199.18943
2025-07-09T12:35:11.758727,GBP_JPY,BUY,1000,726,199.28950,199.23946,199.38957
2025-07-09T12:35:17.275367,GBP_JPY,SELL,-1000,730,199.28950,199.33954,199.18943
2025-07-09T12:35:22.596849,GBP_JPY,BUY,1000,734,199.29250,199.24225,199.39300
2025-07-09T12:35:33.675838,GBP_JPY,SELL,-1000,738,199.29050,199.34086,199.18979
2025-07-09T12:35:39.163321,GBP_JPY,BUY,1000,742,199.29700,199.24664,199.39771
2025-07-09T12:35:49.434295,GBP_JPY,SELL,-1000,746,199.31550,199.36832,199.20986
2025-07-09T12:36:00.023547,GBP_JPY,BUY,1000,750,199.31500,199.26218,199.42064
2025-07-09T12:36:15.476908,GBP_JPY,SELL,-1000,754,199.34900,199.40107,199.24486
2025-07-09T12:36:20.891671,GBP_JPY,BUY,1000,758,199.35550,199.30321,199.46007
2025-07-09T12:36:31.400906,GBP_JPY,SELL,-1000,762,199.36000,199.41282,199.25436
2025-07-09T12:36:41.804588,GBP_JPY,BUY,1000,766,199.37250,199.31829,199.48093
2025-07-09T12:36:58.485706,GBP_JPY,SELL,-1000,770,199.37300,199.42786,199.26329
2025-07-09T12:37:03.773124,GBP_JPY,BUY,1000,774,199.38350,199.33014,199.49021
2025-07-09T12:37:09.075792,GBP_JPY,SELL,-1000,778,199.37850,199.43207,199.27136
2025-07-09T12:37:19.964055,GBP_JPY,BUY,1000,782,199.37100,199.31561,199.48179
2025-07-09T12:37:25.371481,GBP_JPY,SELL,-1000,786,199.36000,199.41539,199.24921
2025-07-09T12:37:30.621775,GBP_JPY,BUY,1000,790,199.36150,199.30611,199.47229
2025-07-09T12:37:36.017907,GBP_JPY,SELL,-1000,794,199.36100,199.41639,199.25021
2025-07-09T12:37:41.254885,GBP_JPY,BUY,1000,798,199.36350,199.30811,199.47429
2025-07-09T12:37:52.701328,GBP_JPY,SELL,-1000,802,199.37200,199.42739,199.26121
2025-07-09T12:37:57.973296,GBP_JPY,BUY,1000,806,199.37400,199.31861,199.48479
2025-07-09T12:38:08.695109,GBP_JPY,SELL,-1000,810,199.36600,199.42032,199.25736
2025-07-09T12:38:24.584867,GBP_JPY,BUY,1000,814,199.36150,199.30579,199.47293
2025-07-09T13:01:40.906827,GBP_JPY,BUY,1000,824,199.30600,199.23732,199.44336
2025-07-09T13:01:46.127491,GBP_AUD,BUY,1000,828,2.08331,2.08258,2.08476
2025-07-09T13:01:51.479404,EUR_AUD,BUY,1000,830,1.79326,1.79264,1.79449
2025-07-09T13:01:56.685237,NZD_JPY,SELL,-1000,834,87.78950,87.82196,87.72457
2025-07-09T13:02:02.124409,GBP_USD,SELL,-1000,838,1.36091,1.36137,1.35998
2025-07-09T13:02:07.445984,AUD_JPY,SELL,-1000,840,95.65200,95.69421,95.56757
2025-07-09T13:02:12.863537,AUD_USD,SELL,-1000,844,0.65322,0.65351,0.65263
2025-07-09T13:02:18.249549,EUR_JPY,SELL,-1000,846,171.54950,171.59568,171.45714
2025-07-09T13:02:23.540787,USD_JPY,BUY,1000,852,146.44350,146.38693,146.55664
2025-07-09T13:02:33.898579,GBP_JPY,SELL,-1000,854,199.26300,199.33189,199.12521
2025-07-09T13:02:39.195354,GBP_AUD,SELL,-1000,858,2.08306,2.08377,2.08163
2025-07-09T13:02:44.520957,EUR_AUD,BUY,1000,862,1.79340,1.79279,1.79464
2025-07-09T13:02:49.720568,NZD_JPY,SELL,-1000,864,87.78500,87.81864,87.71771
2025-07-09T13:02:54.981161,GBP_USD,SELL,-1000,866,1.36065,1.36114,1.35968
2025-07-09T13:03:00.234343,AUD_JPY,SELL,-1000,868,95.64900,95.69175,95.56350
2025-07-09T13:03:05.789884,AUD_USD,BUY,1000,870,0.65326,0.65296,0.65384
2025-07-09T13:03:11.041127,EUR_JPY,BUY,1000,872,171.55100,171.50439,171.64421
2025-07-09T13:03:16.434092,USD_JPY,SELL,-1000,876,146.43250,146.49068,146.31614
2025-07-09T13:03:26.913563,GBP_JPY,BUY,1000,878,199.27150,199.20089,199.41271
2025-07-09T13:03:32.430344,GBP_AUD,BUY,1000,882,2.08309,2.08238,2.08452
2025-07-09T13:03:37.676222,EUR_AUD,BUY,1000,886,1.79344,1.79281,1.79468
2025-07-09T13:03:43.022739,NZD_JPY,BUY,1000,888,87.78600,87.75204,87.85393
2025-07-09T13:03:48.270112,GBP_USD,BUY,1000,892,1.36082,1.36032,1.36181
2025-07-09T13:03:53.538795,AUD_JPY,BUY,1000,894,95.66100,95.61729,95.74843
2025-07-09T13:03:58.877215,AUD_USD,SELL,-1000,898,0.65321,0.65352,0.65260
2025-07-09T13:04:04.279048,EUR_JPY,BUY,1000,900,171.55750,171.51507,171.64236
2025-07-09T13:04:09.548587,USD_JPY,SELL,-1000,904,146.42900,146.48182,146.32336
2025-07-09T13:04:14.832517,EUR_GBP,SELL,-1000,906,0.86094,0.86114,0.86054
2025-07-09T13:04:20.288402,GBP_JPY,SELL,-1000,908,199.25100,199.31979,199.11343
2025-07-09T13:04:25.751459,GBP_AUD,BUY,1000,912,2.08313,2.08243,2.08455
2025-07-09T13:04:31.051627,EUR_AUD,SELL,-1000,916,1.79334,1.79397,1.79207
2025-07-09T13:04:36.420041,NZD_JPY,SELL,-1000,920,87.78050,87.81254,87.71643
2025-07-09T13:04:41.744562,GBP_USD,SELL,-1000,924,1.36079,1.36128,1.35983
2025-07-09T13:04:46.971535,AUD_JPY,BUY,1000,926,95.66650,95.62471,95.75007
2025-07-09T13:04:52.317489,AUD_USD,BUY,1000,930,0.65324,0.65294,0.65384
2025-07-09T13:04:57.655579,EUR_JPY,SELL,-1000,934,171.53850,171.58307,171.44936
2025-07-09T13:05:03.006850,USD_JPY,BUY,1000,938,146.43650,146.38496,146.53957
2025-07-09T13:05:08.229360,EUR_GBP,SELL,-1000,940,0.86079,0.86100,0.86037
2025-07-09T13:05:13.561120,GBP_JPY,BUY,1000,944,199.27450,199.20604,199.41143
2025-07-09T13:05:18.887200,GBP_AUD,SELL,-1000,948,2.08300,2.08370,2.08161
2025-07-09T13:05:24.263139,EUR_AUD,SELL,-1000,952,1.79306,1.79370,1.79179
2025-07-09T13:05:29.620406,NZD_JPY,SELL,-1000,956,87.77500,87.80779,87.70943
2025-07-09T13:05:35.292743,GBP_USD,SELL,-1000,958,1.36072,1.36121,1.35973
2025-07-09T13:05:40.583930,AUD_JPY,SELL,-1000,960,95.64800,95.68946,95.56507
2025-07-09T13:05:46.050388,AUD_USD,SELL,-1000,964,0.65322,0.65352,0.65263
2025-07-09T13:05:51.274154,EUR_JPY,SELL,-1000,966,171.51750,171.56207,171.42836
2025-07-09T13:05:57.150810,USD_JPY,BUY,1000,968,146.43700,146.38439,146.54221
2025-07-09T13:06:02.396961,EUR_GBP,BUY,1000,970,0.86084,0.86063,0.86124
2025-07-09T13:06:07.690050,GBP_JPY,SELL,-1000,974,199.26900,199.34025,199.12650
2025-07-09T13:06:13.120055,GBP_AUD,BUY,1000,978,2.08313,2.08244,2.08453
2025-07-09T13:06:18.386108,EUR_AUD,BUY,1000,982,1.79346,1.79281,1.79475
2025-07-09T13:06:23.765546,NZD_JPY,SELL,-1000,986,87.76700,87.80054,87.69993
2025-07-09T13:06:29.164384,GBP_USD,SELL,-1000,988,1.36066,1.36113,1.35971
2025-07-09T13:06:34.520717,AUD_JPY,BUY,1000,990,95.65550,95.61350,95.73950
2025-07-09T13:06:39.743801,AUD_USD,SELL,-1000,994,0.65320,0.65350,0.65261
2025-07-09T13:06:45.036087,EUR_JPY,BUY,1000,996,171.54150,171.49714,171.63021
2025-07-09T13:06:50.330755,USD_JPY,BUY,1000,1000,146.44900,146.39982,146.54736
2025-07-09T13:06:55.895429,EUR_GBP,BUY,1000,1002,0.86092,0.86070,0.86134
2025-07-09T13:07:01.458992,GBP_JPY,SELL,-1000,1004,199.26050,199.33014,199.12121
2025-07-09T13:07:06.852799,GBP_AUD,SELL,-1000,1006,2.08308,2.08371,2.08181
2025-07-09T13:07:12.163765,EUR_AUD,SELL,-1000,1010,1.79336,1.79394,1.79221
2025-07-09T13:07:17.607447,NZD_JPY,BUY,1000,1014,87.77100,87.73907,87.83486
2025-07-09T13:07:23.027094,GBP_USD,SELL,-1000,1018,1.36044,1.36090,1.35951
2025-07-09T13:07:28.427751,AUD_JPY,BUY,1000,1020,95.65800,95.61857,95.73686
2025-07-09T13:07:33.647355,AUD_USD,SELL,-1000,1022,0.65304,0.65332,0.65249
2025-07-09T13:07:38.925122,EUR_JPY,BUY,1000,1024,171.56150,171.51596,171.65257
2025-07-09T13:07:44.360603,USD_JPY,BUY,1000,1028,146.47150,146.42232,146.56986
2025-07-09T13:07:49.789587,EUR_GBP,BUY,1000,1030,0.86098,0.86077,0.86139
2025-07-09T13:07:55.153171,GBP_JPY,SELL,-1000,1032,199.25800,199.33021,199.11357
2025-07-09T13:08:00.421512,GBP_AUD,BUY,1000,1034,2.08324,2.08258,2.08455
2025-07-09T13:08:05.747629,EUR_AUD,BUY,1000,1036,1.79346,1.79294,1.79450
2025-07-09T13:08:10.997434,NZD_JPY,SELL,-1000,1040,87.76800,87.79682,87.71036
2025-07-09T13:08:16.377622,GBP_USD,BUY,1000,1044,1.36060,1.36019,1.36142
2025-07-09T13:08:21.847407,AUD_JPY,BUY,1000,1048,95.66300,95.62646,95.73607
2025-07-09T13:08:27.163294,AUD_USD,BUY,1000,1050,0.65321,0.65296,0.65371
2025-07-09T13:08:32.522866,EUR_JPY,SELL,-1000,1052,171.55550,171.59975,171.46700
2025-07-09T13:08:37.860487,USD_JPY,SELL,-1000,1056,146.46200,146.50936,146.36729
2025-07-09T13:08:43.101743,EUR_GBP,SELL,-1000,1058,0.86091,0.86109,0.86053
2025-07-09T13:08:48.721565,GBP_JPY,BUY,1000,1060,199.28300,199.21561,199.41779
2025-07-09T13:08:54.095596,GBP_AUD,SELL,-1000,1064,2.08322,2.08386,2.08195
2025-07-09T13:08:59.350696,EUR_AUD,BUY,1000,1068,1.79347,1.79292,1.79458
2025-07-09T17:06:16.860217,GBP_JPY,BUY,1000,1092,198.82250,198.79,198.90
2025-07-09T17:06:22.073118,GBP_AUD,BUY,1000,1096,2.07889,2.07851,2.07964
2025-07-09T17:06:27.382287,EUR_AUD,BUY,1000,1100,1.79154,1.79127,1.79209
2025-07-09T17:06:32.719408,NZD_JPY,BUY,1000,1106,87.73450,87.72,87.77
2025-07-09T17:06:37.981863,GBP_USD,BUY,1000,1108,1.35839,1.35809,1.35899
2025-07-09T17:06:43.341326,AUD_JPY,BUY,1000,1112,95.63750,95.62,95.68
2025-07-09T17:06:48.618060,AUD_USD,BUY,1000,1116,0.65352,0.65336,0.65383
2025-07-09T17:06:53.939269,EUR_JPY,SELL,-1000,1118,171.33450,171.36,171.29
2025-07-09T17:06:59.236481,USD_JPY,SELL,-1000,1122,146.35550,146.39,146.29
2025-07-09T17:07:04.691784,EUR_GBP,BUY,1000,1126,0.86180,0.86172,0.86196
2025-07-09T17:07:09.935139,GBP_JPY,SELL,-1000,1130,198.81650,198.85,198.75
2025-07-09T17:07:15.256062,GBP_AUD,SELL,-1000,1134,2.07843,2.07882,2.07765
2025-07-09T17:07:20.674269,EUR_AUD,SELL,-1000,1140,1.79111,1.79141,1.79050
2025-07-09T17:07:31.437809,GBP_USD,BUY,1000,1144,1.35848,1.35819,1.35907
2025-07-09T17:07:36.840038,AUD_JPY,BUY,1000,1146,95.65500,95.63,95.70
2025-07-09T17:07:42.268310,AUD_USD,BUY,1000,1148,0.65363,0.65347,0.65396
2025-07-09T17:07:47.599745,EUR_JPY,SELL,-1000,1150,171.33200,171.36,171.28
2025-07-09T17:07:53.192643,USD_JPY,BUY,1000,1152,146.35750,146.33,146.42
2025-07-09T17:07:58.478508,EUR_GBP,BUY,1000,1156,0.86183,0.86175,0.86200
2025-07-09T17:08:03.806383,GBP_JPY,SELL,-1000,1158,198.80150,198.83,198.74
2025-07-09T17:08:09.386908,GBP_AUD,SELL,-1000,1160,2.07834,2.07874,2.07755
2025-07-09T17:08:14.698128,EUR_AUD,BUY,1000,1162,1.79113,1.79084,1.79170
2025-07-09T17:08:25.152884,GBP_USD,SELL,-1000,1166,1.35834,1.35862,1.35780
2025-07-09T17:08:30.418489,AUD_JPY,BUY,1000,1168,95.65550,95.64,95.69
2025-07-09T17:08:36.330045,AUD_USD,BUY,1000,1170,0.65368,0.65352,0.65399
2025-07-09T17:08:41.731372,EUR_JPY,BUY,1000,1172,171.33650,171.31,171.38
2025-07-09T17:08:47.141265,USD_JPY,SELL,-1000,1176,146.34450,146.37,146.29
2025-07-09T17:08:57.803127,GBP_JPY,BUY,1000,1180,198.81300,198.78,198.88
2025-07-09T17:09:03.088329,GBP_AUD,SELL,-1000,1184,2.07823,2.07864,2.07742
2025-07-09T17:09:08.395030,EUR_AUD,SELL,-1000,1186,1.79102,1.79130,1.79044
2025-07-09T17:09:13.692226,NZD_JPY,BUY,1000,1192,87.75800,87.74,87.79
2025-07-09T17:09:19.121238,GBP_USD,BUY,1000,1198,1.35862,1.35834,1.35918
2025-07-09T17:09:24.333965,AUD_JPY,BUY,1000,1200,95.66450,95.64,95.70
2025-07-09T17:09:29.655164,AUD_USD,BUY,1000,1202,0.65375,0.65359,0.65405
2025-07-09T17:09:35.432633,EUR_JPY,BUY,1000,1204,171.34300,171.32,171.39
2025-07-09T17:09:40.887903,USD_JPY,BUY,1000,1208,146.34450,146.32,146.40
2025-07-09T17:09:51.243442,GBP_JPY,BUY,1000,1214,198.82550,198.79,198.90
2025-07-09T17:09:56.577099,GBP_AUD,SELL,-1000,1218,2.07822,2.07864,2.07739
2025-07-09T17:10:01.845939,EUR_AUD,SELL,-1000,1220,1.79097,1.79126,1.79040
2025-07-09T17:10:07.120086,NZD_JPY,BUY,1000,1224,87.76800,87.75,87.80
2025-07-09T17:10:12.381420,GBP_USD,SELL,-1000,1226,1.35851,1.35878,1.35795
2025-07-09T17:10:17.708919,AUD_JPY,SELL,-1000,1230,95.66200,95.68,95.62
2025-07-09T17:10:23.109413,AUD_USD,SELL,-1000,1234,0.65366,0.65382,0.65335
2025-07-09T17:10:28.443068,EUR_JPY,BUY,1000,1236,171.34550,171.32,171.39
2025-07-09T17:10:33.737291,USD_JPY,BUY,1000,1240,146.34500,146.32,146.40
2025-07-09T17:10:39.027398,EUR_GBP,SELL,-1000,1244,0.86180,0.86189,0.86164
2025-07-09T17:10:44.516853,GBP_JPY,SELL,-1000,1250,198.82050,198.86,198.75
2025-07-09T17:10:49.919367,GBP_AUD,SELL,-1000,1254,2.07801,2.07844,2.07714
2025-07-09T17:10:55.571472,EUR_AUD,BUY,1000,1256,1.79105,1.79074,1.79167
2025-07-09T17:11:00.882031,NZD_JPY,BUY,1000,1262,87.77400,87.76,87.81
2025-07-09T17:11:06.164491,GBP_USD,BUY,1000,1264,1.35882,1.35853,1.35940
2025-07-09T17:11:11.471343,AUD_JPY,BUY,1000,1266,95.67800,95.66,95.72
2025-07-09T17:11:16.822806,AUD_USD,BUY,1000,1270,0.65380,0.65364,0.65411
2025-07-09T17:11:22.090619,EUR_JPY,BUY,1000,1272,171.35300,171.33,171.40
2025-07-09T17:11:27.430889,USD_JPY,SELL,-1000,1280,146.32450,146.35,146.27
2025-07-09T17:11:32.848521,EUR_GBP,SELL,-1000,1284,0.86166,0.86176,0.86147
2025-07-09T17:11:38.217465,GBP_JPY,BUY,1000,1290,198.82600,198.79,198.90
2025-07-09T17:11:43.724651,GBP_AUD,BUY,1000,1294,2.07852,2.07810,2.07938
2025-07-09T17:11:49.074863,EUR_AUD,SELL,-1000,1298,1.79088,1.79119,1.79027
2025-07-09T17:11:54.662279,NZD_JPY,SELL,-1000,1302,87.75950,87.78,87.72
2025-07-09T17:12:00.076593,GBP_USD,SELL,-1000,1308,1.35878,1.35907,1.35818
2025-07-09T17:12:05.362809,AUD_JPY,SELL,-1000,1312,95.65500,95.68,95.61
2025-07-09T17:12:10.706917,AUD_USD,BUY,1000,1316,0.65382,0.65365,0.65414
2025-07-09T17:12:16.256135,EUR_JPY,SELL,-1000,1318,171.31200,171.34,171.26
2025-07-09T17:12:21.560337,USD_JPY,SELL,-1000,1322,146.30400,146.33,146.25
2025-07-09T17:12:27.407139,EUR_GBP,BUY,1000,1324,0.86169,0.86158,0.86190
2025-07-09T17:12:32.798840,GBP_JPY,SELL,-1000,1328,198.81400,198.86,198.73
2025-07-09T17:12:38.233633,GBP_AUD,SELL,-1000,1332,2.07829,2.07871,2.07745
2025-07-09T17:12:43.542315,EUR_AUD,SELL,-1000,1336,1.79073,1.79104,1.79012
2025-07-09T17:12:48.851595,NZD_JPY,BUY,1000,1338,87.77350,87.75,87.81
2025-07-09T17:12:54.105655,GBP_USD,BUY,1000,1344,1.35901,1.35870,1.35963
2025-07-09T17:12:59.597064,AUD_JPY,BUY,1000,1348,95.66700,95.64,95.71
2025-07-09T17:13:05.012954,AUD_USD,BUY,1000,1352,0.65390,0.65373,0.65424
2025-07-09T17:13:10.331986,EUR_JPY,SELL,-1000,1354,171.30900,171.33,171.26
2025-07-09T17:13:15.857569,USD_JPY,BUY,1000,1356,146.30600,146.28,146.36
2025-07-09T17:13:21.126462,EUR_GBP,SELL,-1000,1360,0.86164,0.86175,0.86143
2025-07-09T17:13:26.551721,GBP_JPY,SELL,-1000,1366,198.81300,198.85,198.73
2025-07-09T17:13:31.771023,GBP_AUD,SELL,-1000,1368,2.07814,2.07857,2.07729
2025-07-09T17:13:37.088744,EUR_AUD,SELL,-1000,1370,1.79060,1.79091,1.78996
2025-07-09T17:13:42.467457,NZD_JPY,BUY,1000,1372,87.79100,87.77,87.83
2025-07-09T17:13:47.912207,GBP_USD,BUY,1000,1374,1.35902,1.35871,1.35964
2025-07-09T17:13:53.317561,AUD_JPY,BUY,1000,1376,95.67400,95.65,95.72
2025-07-09T17:13:58.879316,AUD_USD,BUY,1000,1378,0.65403,0.65385,0.65440
2025-07-09T17:14:04.157926,EUR_JPY,BUY,1000,1380,171.31550,171.29,171.36
2025-07-09T17:14:09.615854,USD_JPY,SELL,-1000,1384,146.28950,146.32,146.23
2025-07-09T17:14:14.792235,EUR_GBP,BUY,1000,1388,0.86172,0.86161,0.86195
2025-07-09T17:14:25.179407,GBP_AUD,SELL,-1000,1392,2.07788,2.07830,2.07705
2025-07-09T17:14:30.515099,EUR_AUD,SELL,-1000,1394,1.79049,1.79079,1.78990
2025-07-09T17:14:35.831531,NZD_JPY,BUY,1000,1396,87.79950,87.78,87.84
2025-07-09T17:14:41.335749,GBP_USD,SELL,-1000,1398,1.35900,1.35932,1.35836
2025-07-09T17:14:46.616279,AUD_JPY,SELL,-1000,1400,95.67200,95.69,95.63
2025-07-09T17:14:52.096706,AUD_USD,SELL,-1000,1406,0.65393,0.65412,0.65354
2025-07-09T17:14:57.436993,EUR_JPY,BUY,1000,1408,171.31650,171.29,171.37
2025-07-09T17:15:02.744474,USD_JPY,BUY,1000,1416,146.31300,146.28,146.37
2025-07-09T17:15:13.875563,GBP_JPY,SELL,-1000,1420,198.79450,198.83,198.71
2025-07-09T17:15:19.271066,GBP_AUD,BUY,1000,1422,2.07806,2.07765,2.07887
2025-07-09T17:15:24.588471,EUR_AUD,BUY,1000,1426,1.79065,1.79035,1.79123
2025-07-09T17:15:29.775477,NZD_JPY,SELL,-1000,1430,87.78100,87.80,87.74
2025-07-09T17:15:35.211683,GBP_USD,SELL,-1000,1434,1.35874,1.35908,1.35806
2025-07-09T17:15:40.532842,AUD_JPY,SELL,-1000,1436,95.66400,95.69,95.62
2025-07-09T17:15:45.801547,AUD_USD,SELL,-1000,1440,0.65390,0.65409,0.65351
2025-07-09T17:15:51.118030,EUR_JPY,SELL,-1000,1442,171.30700,171.33,171.26
2025-07-09T17:15:56.505761,USD_JPY,SELL,-1000,1446,146.30800,146.34,146.25
2025-07-09T17:16:06.862583,GBP_JPY,BUY,1000,1450,198.80100,198.76,198.87
2025-07-09T17:16:12.071332,GBP_AUD,SELL,-1000,1456,2.07780,2.07821,2.07698
2025-07-09T17:16:17.330233,EUR_AUD,SELL,-1000,1460,1.79043,1.79073,1.78985
2025-07-09T17:16:22.673810,NZD_JPY,BUY,1000,1464,87.79900,87.78,87.84
2025-07-09T17:16:28.015786,GBP_USD,BUY,1000,1468,1.35880,1.35850,1.35941
2025-07-09T17:16:33.619297,AUD_JPY,BUY,1000,1470,95.67650,95.66,95.72
2025-07-09T17:16:39.201161,AUD_USD,BUY,1000,1474,0.65392,0.65374,0.65430
2025-07-09T17:16:44.748616,EUR_JPY,BUY,1000,1476,171.31550,171.29,171.36
2025-07-09T17:16:50.115058,USD_JPY,BUY,1000,1480,146.31600,146.29,146.38
2025-07-09T17:17:00.571959,GBP_JPY,BUY,1000,1484,198.81250,198.77,198.89
2025-07-09T17:17:05.801491,GBP_AUD,BUY,1000,1488,2.07786,2.07746,2.07865
2025-07-09T17:17:16.211577,NZD_JPY,BUY,1000,1492,87.80400,87.78,87.85
2025-07-09T17:17:21.595730,GBP_USD,SELL,-1000,1498,1.35872,1.35901,1.35813
2025-07-09T17:17:26.915677,AUD_JPY,BUY,1000,1500,95.69150,95.67,95.74
2025-07-09T17:17:32.652644,AUD_USD,BUY,1000,1502,0.65394,0.65376,0.65432
2025-07-09T17:17:37.914193,EUR_JPY,BUY,1000,1504,171.33400,171.31,171.39
2025-07-09T17:17:43.219543,USD_JPY,BUY,1000,1506,146.33350,146.30,146.40
2025-07-09T20:25:30.589030,GBP_JPY,SELL,-1000,1518,198.99550,199.03,198.93
2025-07-09T20:25:46.521623,NZD_JPY,BUY,1000,1524,87.82350,87.80,87.86
2025-07-09T20:25:51.799832,GBP_USD,BUY,1000,1528,1.35859,1.35840,1.35899
2025-07-09T20:25:57.443419,AUD_JPY,BUY,1000,1530,95.70700,95.69,95.75
2025-07-09T20:26:02.673434,AUD_USD,BUY,1000,1536,0.65345,0.65333,0.65368
2025-07-09T20:26:25.175786,GBP_JPY,BUY,1000,1538,198.99850,198.97,199.06
2025-07-09T20:26:30.353455,GBP_AUD,BUY,1000,1542,2.07930,2.07899,2.07993
2025-07-09T20:26:35.709351,EUR_AUD,BUY,1000,1546,1.79265,1.79241,1.79315
2025-07-09T20:26:40.922673,NZD_JPY,SELL,-1000,1550,87.82100,87.84,87.78
2025-07-09T20:26:51.416899,AUD_JPY,SELL,-1000,1556,95.70550,95.72,95.67
2025-07-09T20:26:56.946532,AUD_USD,BUY,1000,1562,0.65349,0.65337,0.65374
2025-07-09T20:27:02.715481,EUR_JPY,SELL,-1000,1564,171.56150,171.59,171.51
2025-07-09T20:27:07.902760,USD_JPY,SELL,-1000,1568,146.45200,146.48,146.39
2025-07-09T20:27:13.259059,EUR_GBP,SELL,-1000,1572,0.86215,0.86222,0.86199
2025-07-09T20:27:18.522346,GBP_JPY,SELL,-1000,1574,198.99650,199.03,198.93
2025-07-09T20:27:23.836544,GBP_AUD,BUY,1000,1578,2.07932,2.07904,2.07990
2025-07-09T20:27:29.177084,EUR_AUD,BUY,1000,1582,1.79272,1.79248,1.79321
2025-07-09T20:33:05.290576,GBP_JPY,BUY,1000,1594,198.98100,198.96,199.03
2025-07-09T20:34:11.791632,GBP_JPY,SELL,-1000,1600,198.97650,199.00,198.93
2025-07-09T20:34:17.093365,GBP_AUD,BUY,1000,1602,2.07952,2.07922,2.08012
2025-07-09T20:34:33.527627,GBP_USD,BUY,1000,1610,1.35852,1.35832,1.35891
2025-07-09T20:34:38.854819,AUD_JPY,SELL,-1000,1612,95.68500,95.70,95.65
2025-07-09T20:34:49.992924,EUR_JPY,SELL,-1000,1616,171.53850,171.56,171.49
2025-07-09T20:34:55.638379,USD_JPY,SELL,-1000,1618,146.46000,146.49,146.41
2025-07-09T20:35:06.455964,GBP_JPY,SELL,-1000,1622,198.96850,198.99,198.92
2025-07-09T20:35:11.701618,GBP_AUD,BUY,1000,1626,2.07955,2.07927,2.08011
2025-07-09T20:35:17.618139,EUR_AUD,BUY,1000,1628,1.79288,1.79264,1.79336
2025-07-09T20:35:28.421441,GBP_USD,BUY,1000,1634,1.35852,1.35832,1.35891
2025-07-09T20:35:34.136278,AUD_JPY,SELL,-1000,1638,95.67850,95.69,95.65
2025-07-09T20:36:13.883846,EUR_AUD,SELL,-1000,1642,1.79282,1.79304,1.79237
2025-07-09T20:36:30.361254,AUD_JPY,SELL,-1000,1650,95.67750,95.69,95.65
2025-07-09T20:37:43.253333,GBP_JPY,BUY,1000,1656,198.97850,198.96,199.02
2025-07-09T20:37:54.464873,EUR_AUD,BUY,1000,1664,1.79318,1.79294,1.79365
2025-07-09T20:37:59.834158,NZD_JPY,SELL,-1000,1668,87.79100,87.81,87.76
2025-07-09T20:38:05.114318,GBP_USD,BUY,1000,1672,1.35882,1.35864,1.35917
2025-07-09T20:38:10.621998,AUD_JPY,SELL,-1000,1674,95.66800,95.68,95.64
2025-07-09T20:38:21.472179,EUR_JPY,SELL,-1000,1676,171.54350,171.57,171.50
2025-07-09T20:38:27.288211,USD_JPY,SELL,-1000,1678,146.41950,146.45,146.37
2025-07-09T20:38:32.530868,EUR_GBP,BUY,1000,1682,0.86218,0.86212,0.86229
2025-07-09T20:38:39.358777,GBP_JPY,SELL,-1000,1684,198.94900,198.97,198.90
2025-07-09T20:38:44.636567,GBP_AUD,SELL,-1000,1686,2.07974,2.08000,2.07924
2025-07-09T20:38:49.856177,EUR_AUD,SELL,-1000,1688,1.79312,1.79335,1.79265
2025-07-09T20:39:05.608525,AUD_JPY,SELL,-1000,1702,95.66100,95.68,95.63
2025-07-09T20:39:15.838221,EUR_JPY,SELL,-1000,1706,171.52900,171.55,171.48
2025-07-09T20:39:31.427637,GBP_JPY,BUY,1000,1710,198.95050,198.93,199.00
2025-07-09T20:39:36.884421,GBP_AUD,SELL,-1000,1716,2.07971,2.07994,2.07923
2025-07-09T20:39:43.074107,EUR_AUD,SELL,-1000,1718,1.79310,1.79333,1.79264
2025-07-09T20:39:48.631292,NZD_JPY,SELL,-1000,1722,87.77550,87.79,87.75
2025-07-09T20:39:54.122298,GBP_USD,SELL,-1000,1724,1.35879,1.35897,1.35842
2025-07-09T20:39:59.674960,AUD_JPY,BUY,1000,1728,95.67050,95.65,95.70
2025-07-09T20:40:04.999436,AUD_USD,BUY,1000,1732,0.65336,0.65328,0.65353
2025-07-09T20:40:10.426069,EUR_JPY,BUY,1000,1736,171.53850,171.52,171.58
2025-07-09T20:40:15.784758,USD_JPY,BUY,1000,1740,146.42500,146.40,146.47
2025-07-09T20:40:21.142758,EUR_GBP,BUY,1000,1744,0.86219,0.86213,0.86231
2025-07-09T20:40:26.575774,GBP_JPY,BUY,1000,1746,198.96950,198.95,199.02
2025-07-09T20:40:36.840849,EUR_AUD,SELL,-1000,1748,1.79304,1.79326,1.79260
2025-07-09T20:40:42.174335,NZD_JPY,BUY,1000,1754,87.78050,87.77,87.80
2025-07-09T20:40:47.494182,GBP_USD,SELL,-1000,1756,1.35875,1.35893,1.35841
2025-07-09T20:40:52.992125,AUD_JPY,BUY,1000,1758,95.67600,95.66,95.71
2025-07-09T20:41:03.744963,EUR_JPY,BUY,1000,1760,171.54600,171.52,171.59
2025-07-09T20:41:14.404108,EUR_GBP,BUY,1000,1762,0.86221,0.86216,0.86233
2025-07-09T20:41:19.626336,GBP_JPY,SELL,-1000,1764,198.96550,198.99,198.92
2025-07-09T20:41:40.539551,GBP_USD,BUY,1000,1768,1.35886,1.35869,1.35922
2025-07-09T20:41:45.739382,AUD_JPY,SELL,-1000,1770,95.67400,95.69,95.64
2025-07-09T20:42:01.437118,USD_JPY,SELL,-1000,1774,146.41050,146.43,146.37
2025-07-09T20:42:06.745179,EUR_GBP,BUY,1000,1778,0.86223,0.86217,0.86235
2025-07-09T20:42:11.964551,GBP_JPY,SELL,-1000,1782,198.94150,198.96,198.89
2025-07-09T20:42:17.274003,GBP_AUD,SELL,-1000,1784,2.07958,2.07981,2.07911
2025-07-09T20:42:22.577278,EUR_AUD,BUY,1000,1786,1.79307,1.79286,1.79351
2025-07-09T20:42:27.809845,NZD_JPY,SELL,-1000,1790,87.77800,87.79,87.76
2025-07-09T20:42:33.146054,GBP_USD,SELL,-1000,1792,1.35874,1.35892,1.35836
2025-07-09T20:42:38.394764,AUD_JPY,SELL,-1000,1794,95.66900,95.68,95.64
2025-07-09T20:42:43.889338,AUD_USD,BUY,1000,1796,0.65338,0.65330,0.65356
2025-07-09T20:42:49.283562,EUR_JPY,SELL,-1000,1800,171.54200,171.57,171.50
2025-07-09T20:42:54.731706,USD_JPY,BUY,1000,1806,146.41450,146.39,146.46
2025-07-09T20:43:00.015807,EUR_GBP,BUY,1000,1810,0.86226,0.86220,0.86238
2025-07-09T20:43:05.401578,GBP_JPY,BUY,1000,1812,198.94200,198.92,198.98
2025-07-09T20:43:10.945831,GBP_AUD,BUY,1000,1816,2.07959,2.07938,2.08003
2025-07-09T20:43:16.386241,EUR_AUD,BUY,1000,1820,1.79319,1.79298,1.79361
2025-07-09T20:43:21.706202,NZD_JPY,SELL,-1000,1822,87.77350,87.78,87.75
2025-07-09T20:43:27.009080,GBP_USD,BUY,1000,1824,1.35885,1.35868,1.35920
2025-07-09T20:43:32.371314,AUD_JPY,SELL,-1000,1826,95.66200,95.68,95.63
2025-07-09T20:43:38.368603,AUD_USD,BUY,1000,1830,0.65349,0.65340,0.65365
2025-07-09T20:43:44.020772,EUR_JPY,SELL,-1000,1832,171.52900,171.55,171.48
2025-07-09T20:43:49.372142,USD_JPY,SELL,-1000,1836,146.38150,146.41,146.33
2025-07-09T20:43:59.791490,GBP_JPY,SELL,-1000,1840,198.90200,198.93,198.85
2025-07-09T20:44:05.066302,GBP_AUD,SELL,-1000,1844,2.07935,2.07958,2.07889
2025-07-09T20:44:10.591399,EUR_AUD,SELL,-1000,1846,1.79303,1.79323,1.79261
2025-07-09T20:44:17.927281,NZD_JPY,SELL,-1000,1848,87.76800,87.78,87.75
2025-07-09T20:44:28.474325,AUD_JPY,SELL,-1000,1850,95.65600,95.67,95.63
2025-07-09T20:44:34.000419,AUD_USD,SELL,-1000,1852,0.65346,0.65353,0.65332
2025-07-09T20:44:39.193002,EUR_JPY,SELL,-1000,1856,171.52250,171.54,171.48
2025-07-09T20:44:54.668231,GBP_JPY,SELL,-1000,1858,198.90050,198.93,198.85
2025-07-09T20:45:00.340625,GBP_AUD,SELL,-1000,1860,2.07926,2.07950,2.07880
2025-07-09T20:45:10.640273,NZD_JPY,BUY,1000,1862,87.76950,87.76,87.79
2025-07-09T20:45:15.959321,GBP_USD,SELL,-1000,1864,1.35872,1.35888,1.35842
2025-07-09T20:45:21.535483,AUD_JPY,SELL,-1000,1866,95.65200,95.67,95.62
2025-07-09T20:45:27.067583,AUD_USD,BUY,1000,1868,0.65348,0.65342,0.65361
2025-07-09T20:45:32.708795,EUR_JPY,SELL,-1000,1870,171.51100,171.53,171.47
2025-07-09T20:45:38.014326,USD_JPY,BUY,1000,1872,146.38400,146.36,146.43
2025-07-09T20:45:43.458396,EUR_GBP,BUY,1000,1876,0.86241,0.86235,0.86255
2025-07-09T20:45:54.159875,GBP_AUD,SELL,-1000,1878,2.07923,2.07945,2.07881
2025-07-09T20:45:59.475810,EUR_AUD,BUY,1000,1880,1.79316,1.79296,1.79355
2025-07-09T20:46:04.717664,NZD_JPY,SELL,-1000,1882,87.76700,87.78,87.75
2025-07-09T20:46:10.257376,GBP_USD,SELL,-1000,1884,1.35871,1.35886,1.35840
2025-07-09T20:46:15.584147,AUD_JPY,BUY,1000,1886,95.65900,95.64,95.69
2025-07-09T20:46:31.333073,USD_JPY,SELL,-1000,1890,146.37100,146.40,146.32
2025-07-09T20:46:36.607225,EUR_GBP,BUY,1000,1894,0.86243,0.86236,0.86258
2025-07-09T20:46:41.857939,GBP_JPY,SELL,-1000,1896,198.89250,198.92,198.84
2025-07-09T20:46:47.188191,GBP_AUD,SELL,-1000,1898,2.07922,2.07944,2.07879
2025-07-09T20:46:52.964831,EUR_AUD,BUY,1000,1900,1.79317,1.79297,1.79358
2025-07-09T20:46:58.152152,NZD_JPY,SELL,-1000,1902,87.76650,87.78,87.75
2025-07-09T20:47:03.485387,GBP_USD,BUY,1000,1906,1.35882,1.35867,1.35914
2025-07-09T20:47:09.101269,AUD_JPY,SELL,-1000,1908,95.65600,95.67,95.63
2025-07-09T20:47:14.355613,AUD_USD,BUY,1000,1914,0.65356,0.65350,0.65369
2025-07-09T20:47:20.203417,EUR_JPY,BUY,1000,1916,171.53850,171.52,171.58
2025-07-09T20:47:25.875271,USD_JPY,SELL,-1000,1920,146.36250,146.39,146.31
2025-07-09T20:47:36.235990,GBP_JPY,SELL,-1000,1924,198.88550,198.91,198.83
2025-07-09T20:47:41.807460,GBP_AUD,SELL,-1000,1926,2.07912,2.07933,2.07869
2025-07-09T20:47:52.139509,NZD_JPY,BUY,1000,1928,87.77950,87.77,87.80
2025-07-09T20:52:26.594089,GBP_JPY,BUY,1000,1932,198.87650,198.85,198.92
2025-07-09T20:52:32.011072,GBP_AUD,BUY,1000,1936,2.07915,2.07900,2.07944
2025-07-09T20:52:49.086935,GBP_USD,SELL,-1000,1938,1.35882,1.35891,1.35864
2025-07-09T20:52:54.422137,AUD_JPY,SELL,-1000,1940,95.65600,95.67,95.63
2025-07-09T20:52:59.616435,AUD_USD,SELL,-1000,1944,0.65355,0.65360,0.65345
2025-07-09T20:53:04.909742,EUR_JPY,BUY,1000,1948,171.55100,171.53,171.58
2025-07-09T20:53:15.609329,EUR_GBP,BUY,1000,1954,0.86262,0.86256,0.86275
2025-07-09T20:53:26.616850,GBP_AUD,BUY,1000,1956,2.07918,2.07903,2.07947
2025-07-09T20:53:32.007239,EUR_AUD,BUY,1000,1958,1.79356,1.79344,1.79380
2025-07-09T20:53:37.713088,NZD_JPY,SELL,-1000,1964,87.77450,87.78,87.76
2025-07-09T20:53:48.464587,AUD_JPY,SELL,-1000,1966,95.65050,95.66,95.63
2025-07-09T20:53:53.793292,AUD_USD,SELL,-1000,1968,0.65353,0.65358,0.65342
2025-07-09T20:53:59.661502,EUR_JPY,BUY,1000,1970,171.56100,171.54,171.60
2025-07-09T20:54:05.184363,USD_JPY,SELL,-1000,1974,146.35550,146.37,146.32
2025-07-09T20:54:15.873191,GBP_JPY,SELL,-1000,1980,198.86800,198.89,198.83
2025-07-09T20:54:26.461667,EUR_AUD,BUY,1000,1982,1.79363,1.79349,1.79389
2025-07-09T20:54:37.453478,GBP_USD,SELL,-1000,1986,1.35881,1.35891,1.35863
2025-07-09T20:54:58.699499,USD_JPY,BUY,1000,1988,146.36550,146.35,146.41
2025-07-09T20:55:04.031691,EUR_GBP,SELL,-1000,1994,0.86260,0.86266,0.86246
2025-07-09T20:55:09.618611,GBP_JPY,BUY,1000,1996,198.87050,198.85,198.91
2025-07-09T20:55:28.677140,NZD_JPY,SELL,-1000,1998,87.76600,87.77,87.75
2025-07-09T20:55:49.638452,EUR_JPY,BUY,1000,2000,171.56150,171.54,171.60
2025-07-09T20:55:55.122038,USD_JPY,SELL,-1000,2002,146.34400,146.36,146.30
2025-07-09T20:56:00.456912,EUR_GBP,BUY,1000,2006,0.86271,0.86263,0.86286
2025-07-09T20:56:57.306495,GBP_JPY,SELL,-1000,2010,198.85400,198.88,198.81
2025-07-09T20:57:54.231415,GBP_AUD,SELL,-1000,2016,2.07897,2.07912,2.07866
2025-07-09T20:58:10.305777,GBP_USD,SELL,-1000,2018,1.35864,1.35873,1.35844
2025-07-09T20:58:46.822638,GBP_AUD,BUY,1000,2022,2.07913,2.07896,2.07948
2025-07-09T21:39:57.498818,GBP_AUD,SELL,-1000,2025,2.07861,2.07876,2.07830
2025-07-09T21:40:15.658324,GBP_USD,SELL,-1000,2027,1.35870,1.35878,1.35855
2025-07-09T21:40:31.684576,EUR_JPY,SELL,-1000,2029,171.48000,171.49,171.47
2025-07-09T21:40:36.900809,USD_JPY,SELL,-1000,2031,146.31700,146.32,146.31
2025-07-09T21:40:47.778576,GBP_JPY,BUY,1000,2033,198.80950,198.81,198.82
2025-07-09T21:41:24.927323,EUR_JPY,BUY,1000,2035,171.48050,171.47,171.49
2025-07-09T21:41:35.814261,EUR_GBP,BUY,1000,2037,0.86263,0.86248,0.86294
2025-07-09T21:42:35.271886,GBP_JPY,SELL,-1000,2039,198.80100,198.81,198.79
2025-07-09T21:42:48.877741,EUR_AUD,BUY,1000,2041,1.79317,1.79306,1.79339
2025-07-09T21:42:59.405905,GBP_USD,BUY,1000,2043,1.35880,1.35873,1.35894
2025-07-09T21:43:20.300883,USD_JPY,SELL,-1000,2045,146.31150,146.32,146.30
2025-07-09T21:43:25.755703,EUR_GBP,SELL,-1000,2047,0.86250,0.86264,0.86222
2025-07-09T21:43:32.060964,GBP_JPY,BUY,1000,2049,198.80800,198.80,198.82
2025-07-09T21:43:37.314697,GBP_AUD,BUY,1000,2051,2.07872,2.07861,2.07895
2025-07-09T21:43:44.344247,EUR_AUD,BUY,1000,2053,1.79319,1.79309,1.79338
2025-07-09T21:44:00.274932,AUD_JPY,SELL,-1000,2055,95.62300,95.63,95.60
2025-07-09T21:44:27.307664,GBP_JPY,SELL,-1000,2057,198.77450,198.78,198.75
2025-07-09T21:44:44.313719,NZD_JPY,SELL,-1000,2059,87.78950,87.80,87.78
2025-07-09T21:44:55.051499,AUD_JPY,SELL,-1000,2061,95.60600,95.61,95.59
2025-07-09T21:45:45.919367,GBP_USD,SELL,-1000,2063,1.35872,1.35880,1.35856
2025-07-09T21:47:29.884942,EUR_AUD,BUY,1000,2065,1.79319,1.79311,1.79336
2025-07-09T21:47:55.572801,AUD_USD,SELL,-1000,2067,0.65359,0.65365,0.65347
2025-07-09T21:53:56.693520,AUD_JPY,SELL,-1000,2069,95.59550,95.60,95.58
2025-07-09T21:54:09.043394,EUR_JPY,SELL,-1000,2071,171.41100,171.42,171.38
2025-07-09T21:54:14.829087,USD_JPY,SELL,-1000,2073,146.26450,146.27,146.25
2025-07-09T21:54:22.777081,EUR_GBP,SELL,-1000,2075,0.86244,0.86250,0.86231
2025-07-09T21:56:33.644636,NZD_JPY,BUY,1000,2077,87.80400,87.80,87.82
2025-07-09T21:57:24.751040,EUR_AUD,BUY,1000,2079,1.79346,1.79341,1.79357
2025-07-09T21:57:47.341679,AUD_USD,BUY,1000,2081,0.65359,0.65357,0.65365
2025-07-09T21:58:34.372895,GBP_USD,BUY,1000,2083,1.35872,1.35867,1.35882
2025-07-09T22:00:32.116369,AUD_JPY,SELL,-1000,2085,95.59700,95.61,95.58
2025-07-09T22:00:38.235187,AUD_USD,BUY,1000,2087,0.65365,0.65363,0.65371
2025-07-09T22:02:37.068159,EUR_AUD,SELL,-1000,2089,1.79338,1.79349,1.79315
2025-07-09T22:02:42.322549,NZD_JPY,BUY,1000,2091,87.78650,87.77,87.81
2025-07-09T22:02:49.532750,GBP_USD,BUY,1000,2093,1.35897,1.35889,1.35913
2025-07-09T22:02:55.323356,AUD_JPY,SELL,-1000,2095,95.62600,95.64,95.61
2025-07-09T22:03:00.654702,AUD_USD,BUY,1000,2097,0.65375,0.65372,0.65382
2025-07-09T22:03:06.219847,EUR_JPY,SELL,-1000,2099,171.48350,171.51,171.44
2025-07-09T22:03:11.457957,USD_JPY,SELL,-1000,2103,146.25250,146.27,146.22
2025-07-09T22:03:21.749585,GBP_JPY,SELL,-1000,2107,198.75300,198.77,198.71
2025-07-09T22:05:15.444843,GBP_JPY,SELL,-1000,2109,198.74050,198.76,198.69
2025-07-09T22:05:20.745951,GBP_AUD,SELL,-1000,2111,2.07846,2.07861,2.07815
2025-07-09T22:07:13.701060,GBP_JPY,BUY,1000,2113,198.76300,198.74,198.81
2025-07-09T22:09:40.332962,AUD_JPY,SELL,-1000,2119,95.61700,95.63,95.59
2025-07-09T22:10:02.060710,EUR_GBP,BUY,1000,2121,0.86281,0.86274,0.86293
2025-07-09T22:10:32.004512,GBP_USD,BUY,1000,2123,1.35896,1.35886,1.35918
2025-07-09T22:10:52.016812,EUR_JPY,SELL,-1000,2125,171.48100,171.50,171.43
2025-07-09T22:12:08.479122,GBP_JPY,BUY,1000,2131,198.77150,198.75,198.82
2025-07-09T22:13:21.265746,NZD_JPY,BUY,1000,2133,87.80300,87.79,87.84
2025-07-09T22:14:20.297060,EUR_AUD,SELL,-1000,2135,1.79336,1.79352,1.79304
2025-07-09T22:17:42.459031,GBP_JPY,BUY,37709,2137,198.81650,198.79,198.87
2025-07-09T22:17:47.818565,GBP_AUD,SELL,-4078751,2139,2.07881,2.07905,2.07833
2025-07-09T22:17:59.204890,NZD_JPY,BUY,58782,2141,87.81700,87.80,87.84
2025-07-09T22:18:04.556500,GBP_USD,BUY,11103267,2143,1.35923,1.35914,1.35941
2025-07-09T22:18:20.675407,EUR_JPY,BUY,62455,2145,171.50600,171.49,171.54
2025-07-09T22:18:25.902336,USD_JPY,SELL,-62455,2151,146.27400,146.29,146.24
2025-07-09T22:19:22.705219,USD_JPY,BUY,60547,2157,146.27650,146.26,146.31
2025-07-09T22:20:43.352196,GBP_JPY,SELL,-1000,2161,198.81550,198.84,198.77
2025-07-09T22:20:49.908400,GBP_AUD,BUY,1000,2163,2.07884,2.07864,2.07923
2025-07-09T22:21:01.639979,NZD_JPY,SELL,-1000,2167,87.79950,87.81,87.77
2025-07-09T22:21:07.318762,GBP_USD,BUY,1000,2169,1.35920,1.35911,1.35937
2025-07-09T22:21:50.428854,EUR_AUD,BUY,1000,2171,1.79323,1.79306,1.79355
2025-07-09T22:22:16.885076,EUR_JPY,SELL,-1000,2173,171.49300,171.51,171.46
2025-07-09T22:23:19.393832,USD_JPY,BUY,1000,2175,146.27200,146.26,146.30
2025-07-09T22:23:25.696924,EUR_GBP,BUY,1000,2181,0.86266,0.86262,0.86274
2025-07-09T22:23:58.131770,AUD_JPY,SELL,-1000,2183,95.63150,95.64,95.61
2025-07-09T22:24:53.398644,AUD_JPY,BUY,1000,2185,95.63700,95.62,95.66
2025-07-09T22:25:04.320548,EUR_JPY,BUY,1000,2189,171.49800,171.49,171.52
2025-07-09T22:25:25.849830,GBP_AUD,BUY,1000,2193,2.07879,2.07868,2.07903
2025-07-09T22:25:31.227899,EUR_AUD,SELL,-1000,2195,1.79317,1.79329,1.79295
2025-07-09T22:26:42.790692,GBP_JPY,SELL,-1000,2197,198.80900,198.83,198.78
2025-07-09T22:27:10.656432,AUD_JPY,SELL,-1000,2199,95.63500,95.65,95.62
2025-07-09T22:27:38.032133,GBP_JPY,BUY,1000,2201,198.82000,198.81,198.85
2025-07-09T22:27:48.793706,EUR_AUD,SELL,-1000,2203,1.79320,1.79335,1.79292
2025-07-09T22:27:54.179172,NZD_JPY,BUY,1000,2205,87.80650,87.79,87.83
2025-07-09T22:28:56.320602,GBP_USD,BUY,1000,2207,1.35919,1.35911,1.35932
2025-07-09T22:29:13.399167,EUR_JPY,BUY,1000,2209,171.50500,171.49,171.53
2025-07-09T22:29:19.274526,USD_JPY,BUY,1000,2211,146.27700,146.27,146.30
2025-07-09T22:29:38.262002,GBP_AUD,BUY,1000,2213,2.07885,2.07871,2.07910
2025-07-09T22:29:43.632375,EUR_AUD,BUY,1000,2215,1.79330,1.79320,1.79350
2025-07-09T22:29:48.897449,NZD_JPY,SELL,-1000,2217,87.79300,87.80,87.77
2025-07-09T22:30:11.439121,AUD_USD,SELL,-1000,2219,0.65378,0.65384,0.65367
2025-07-09T22:31:26.500663,EUR_GBP,BUY,1000,2221,0.86266,0.86263,0.86272
2025-07-09T22:31:52.398702,GBP_USD,SELL,-1000,2223,1.35916,1.35920,1.35908
2025-07-09T22:35:58.476210,AUD_JPY,BUY,1000,2225,95.63950,95.63,95.65
2025-07-09T22:36:20.746920,EUR_GBP,SELL,-1000,2227,0.86262,0.86265,0.86258
2025-07-09T22:37:02.486799,AUD_USD,BUY,1000,2229,0.65383,0.65379,0.65390
2025-07-09T22:38:28.986838,GBP_AUD,SELL,-1000,2231,2.07877,2.07886,2.07857
2025-07-09T22:41:41.935627,GBP_USD,SELL,-1000,2233,1.35903,1.35907,1.35896
2025-07-09T22:42:06.396075,USD_JPY,BUY,1000,2235,146.28350,146.28,146.29
2025-07-09T22:42:46.535722,AUD_JPY,SELL,-1000,2237,95.63100,95.64,95.62
2025-07-09T22:43:08.488303,EUR_GBP,BUY,1000,2239,0.86267,0.86264,0.86275
2025-07-09T22:44:00.843596,USD_JPY,SELL,-1000,2241,146.25500,146.26,146.24
2025-07-10T01:12:26.000362,GBP_JPY,SELL,-1000,2247,198.49050,198.57,198.43,0.04129,1
2025-07-10T01:17:15.697809,AUD_USD,BUY,1000,2251,0.65418,0.65393,0.65437,0.00012,1
2025-07-10T01:17:26.231580,USD_JPY,SELL,-1000,2255,145.86800,145.93,145.82,0.03271,1
2025-07-10T01:18:49.489814,GBP_USD,BUY,1000,2259,1.36055,1.36027,1.36077,0.00014,1
2025-07-10T01:21:59.507871,USD_JPY,SELL,-1000,2265,145.89050,145.96,145.84,0.03300,1
2025-07-10T01:22:57.466473,GBP_JPY,SELL,-1000,2269,198.48600,198.56,198.43,0.03571,1
2025-07-10T01:23:28.948725,GBP_CAD,BUY,1000,2271,1.86104,1.86075,1.86126,0.00014,1
2025-07-10T01:27:27.886755,GBP_USD,BUY,1000,2281,1.36058,1.36031,1.36079,0.00014,1
2025-07-10T01:27:43.186004,GBP_CAD,BUY,1000,2285,1.86098,1.86069,1.86120,0.00015,1
2025-07-10T01:27:48.498049,EUR_USD,BUY,1000,2287,1.17395,1.17374,1.17411,0.00010,1
2025-07-10T01:27:58.905640,USD_JPY,SELL,-1000,2291,145.89350,145.96,145.84,0.03271,1
2025-07-10T01:28:09.492926,EUR_JPY,SELL,-1000,2295,171.26900,171.33,171.22,0.03100,1
2025-07-10T01:28:55.495494,GBP_JPY,SELL,-1000,2299,198.49750,198.57,198.44,0.03550,1
2025-07-10T01:29:31.551927,EUR_USD,BUY,1000,2303,1.17388,1.17366,1.17405,0.00011,1
2025-07-10T01:38:18.494439,AUD_JPY,SELL,-23807,2315,95.41800,95.46,95.39,0.02014,1
2025-07-10T01:47:06.645679,GBP_AUD,BUY,2019878,2327,2.07969,2.07919,2.08006,0.00025,1
2025-07-10T01:47:47.227558,AUD_JPY,SELL,-29407,2329,95.41600,95.45,95.39,0.01714,1
2025-07-10T01:49:06.396841,EUR_AUD,BUY,2061431,2333,1.79435,1.79387,1.79472,0.00024,1
2025-07-10T01:52:51.118377,USD_CAD,SELL,-4309726,2337,1.36807,1.36830,1.36790,0.00011,1
2025-07-10T01:53:25.469356,EUR_AUD,SELL,-1983296,2339,1.79426,1.79476,1.79388,0.00025,1
2025-07-10T01:55:18.202394,GBP_USD,BUY,3966905,2343,1.36095,1.36070,1.36114,0.00012,1
2025-07-10T01:58:25.719592,AUD_NZD,SELL,-5833288,2347,1.08938,1.08955,1.08925,0.00009,1
2025-07-10T02:00:25.645598,GBP_USD,BUY,3966640,2349,1.36092,1.36067,1.36111,0.00013,2
2025-07-10T02:01:10.956712,GBP_CAD,BUY,3606037,2351,1.86143,1.86115,1.86163,0.00014,2
2025-07-10T02:01:28.780895,EUR_AUD,SELL,-2203689,2353,1.79400,1.79445,1.79366,0.00023,2
2025-07-10T02:06:36.863326,GBP_AUD,SELL,-1993107,2357,2.07883,2.07932,2.07845,0.00025,2
2025-07-10T02:08:25.723896,GBP_USD,BUY,1000,2361,1.36089,1.36058,1.36113,0.00016,2
2025-07-10T02:09:19.877710,USD_JPY,SELL,-1000,2365,145.91400,145.97,145.87,0.02843,2
2025-07-10T02:11:19.061047,GBP_CAD,BUY,1000,2369,1.86129,1.86094,1.86154,0.00017,2
2025-07-10T02:11:34.139296,EUR_AUD,SELL,-1000,2371,1.79338,1.79391,1.79299,0.00026,2
2025-07-10T02:12:04.320248,EUR_USD,BUY,1000,2375,1.17419,1.17391,1.17440,0.00014,2
2025-07-10T02:12:50.719428,AUD_JPY,BUY,1000,2379,95.57300,95.53,95.61,0.02179,2
2025-07-10T02:19:22.473337,GBP_JPY,BUY,1000,2393,198.64600,198.59,198.69,0.02950,2
2025-07-10T02:21:04.475782,USD_JPY,SELL,-1000,2397,145.94750,146.00,145.91,0.02507,2
2025-07-10T02:24:11.037621,GBP_AUD,SELL,-1000,2405,2.07815,2.07882,2.07764,0.00034,2
2025-07-10T02:24:22.269641,EUR_AUD,SELL,-1000,2409,1.79306,1.79369,1.79259,0.00032,2
2025-07-10T02:24:24.484598,GBP_USD,BUY,1000,2413,1.36094,1.36070,1.36112,0.00012,2
2025-07-10T02:25:22.689410,EUR_JPY,BUY,1000,2419,171.37950,171.34,171.41,0.02014,2
2025-07-10T02:25:53.164746,USD_CAD,SELL,-1000,2423,1.36799,1.36817,1.36785,0.00009,2
2025-07-10T02:26:08.428087,GBP_JPY,BUY,1000,2427,198.63700,198.59,198.67,0.02486,2
2025-07-10T02:26:25.698940,USD_JPY,SELL,-1000,2431,145.95500,146.00,145.92,0.02171,2
2025-07-10T02:28:08.652114,GBP_CAD,BUY,1000,2433,1.86149,1.86125,1.86166,0.00012,2
2025-07-10T02:28:21.602805,GBP_JPY,BUY,1000,2435,198.64250,198.59,198.68,0.02393,2
2025-07-10T02:28:40.853438,EUR_JPY,BUY,1000,2437,171.38150,171.35,171.41,0.01750,2
2025-07-10T02:29:06.739510,EUR_AUD,SELL,-1000,2439,1.79314,1.79365,1.79276,0.00025,2
2025-07-10T02:29:31.413684,USD_CAD,SELL,-1000,2441,1.36804,1.36819,1.36793,0.00007,2
2025-07-10T02:29:40.126457,AUD_JPY,BUY,1000,2443,95.58050,95.54,95.61,0.01786,2
2025-07-10T02:30:02.729937,USD_JPY,BUY,1000,2447,145.96500,145.93,145.99,0.01714,2
2025-07-10T02:30:24.695797,USD_JPY,SELL,-1000,2453,145.95550,145.99,145.93,0.01907,2
2025-07-10T02:30:41.389907,GBP_AUD,SELL,-1000,2457,2.07814,2.07869,2.07773,0.00028,2
2025-07-10T02:30:54.142547,GBP_USD,BUY,1000,2461,1.36094,1.36072,1.36111,0.00011,2
2025-07-10T02:31:48.535762,USD_JPY,BUY,1000,2465,145.97500,145.94,146.00,0.01729,2
2025-07-10T02:32:32.673881,EUR_JPY,BUY,1000,2473,171.38750,171.35,171.41,0.01700,2
2025-07-10T02:32:51.906689,USD_JPY,BUY,1000,2477,145.98500,145.95,146.01,0.01879,2
2025-07-10T02:34:45.183822,GBP_USD,BUY,1000,2491,1.36098,1.36073,1.36117,0.00013,2
2025-07-10T02:34:52.368529,EUR_USD,BUY,1000,2495,1.17422,1.17402,1.17437,0.00010,2
2025-07-10T02:35:10.903266,GBP_CAD,BUY,1000,2499,1.86154,1.86130,1.86172,0.00012,2
2025-07-10T02:35:19.600924,USD_JPY,SELL,-1000,2505,145.95900,146.00,145.93,0.01964,2
2025-07-10T02:36:01.451411,USD_JPY,BUY,1000,2515,146.01700,145.97,146.05,0.02179,2
2025-07-10T02:40:30.675752,GBP_CAD,BUY,1000,2527,1.86117,1.86089,1.86138,0.00014,2
2025-07-10T02:56:59.046427,GBP_CAD,BUY,1000,2531,1.86122,1.86022,1.86197,0.00050,2
2025-07-10T02:59:14.011095,EUR_JPY,BUY,1000,2535,171.48300,171.48,171.48,0.00050,2
2025-07-10T02:59:18.732439,GBP_JPY,BUY,1000,2537,198.76950,198.77,198.77,0.00050,2
2025-07-10T03:00:40.706002,USD_JPY,BUY,1000,2539,146.11400,146.11,146.11,0.00050,3
2025-07-10T03:02:00.931703,EUR_USD,SELL,-1000,2541,1.17376,1.17476,1.17301,0.00050,3
2025-07-10T03:04:40.463390,GBP_JPY,BUY,1000,2545,198.83250,198.83,198.83,0.00050,3
2025-07-10T03:06:01.911454,GBP_USD,BUY,1000,2547,1.36061,1.35961,1.36136,0.00050,3
2025-07-10T03:06:52.049267,USD_CAD,BUY,1000,2551,1.36813,1.36713,1.36888,0.00050,3
2025-07-10T03:09:44.677087,NZD_JPY,BUY,1000,2553,87.81500,87.81,87.82,0.00050,3
2025-07-10T03:09:57.447143,EUR_JPY,BUY,1000,2555,171.57850,171.58,171.58,0.00050,3
2025-07-10T03:10:14.362268,GBP_JPY,BUY,1000,2557,198.89600,198.90,198.90,0.00050,3
2025-07-10T03:10:54.292186,USD_JPY,BUY,1000,2559,146.19650,146.20,146.20,0.00050,3
2025-07-10T03:13:50.673137,EUR_AUD,SELL,-1000,2561,1.79218,1.79318,1.79143,0.00050,3
2025-07-10T03:14:01.854182,GBP_AUD,SELL,-1000,2565,2.07757,2.07857,2.07682,0.00050,3
2025-07-10T03:15:48.140783,EUR_CAD,SELL,-1000,2569,1.60560,1.60660,1.60485,0.00050,3
2025-07-10T03:16:25.372619,AUD_JPY,BUY,1000,2573,95.73450,95.73,95.74,0.00050,3
2025-07-10T03:17:20.682399,USD_JPY,BUY,1000,2575,146.20800,146.21,146.21,0.00050,3
2025-07-10T03:17:27.221938,EUR_JPY,BUY,1000,2577,171.58650,171.59,171.59,0.00050,3
2025-07-10T03:18:06.830392,GBP_JPY,BUY,1000,2579,198.91550,198.91,198.92,0.00050,3
2025-07-10T03:18:19.353026,NZD_JPY,BUY,1000,2581,87.83850,87.84,87.84,0.00050,3
2025-07-10T03:19:36.947515,GBP_USD,BUY,1000,2583,1.36071,1.35971,1.36146,0.00050,3
2025-07-10T04:26:07.937101,AUD_NZD,BUY,1000,2589,1.08956,1.08857,1.09031,0.00050,4
2025-07-10T04:27:10.393749,GBP_AUD,SELL,-1000,2593,2.07986,2.08086,2.07911,0.00050,4
2025-07-10T04:32:54.382639,EUR_JPY,BUY,1000,2597,171.67050,171.67,171.67,0.00050,4
2025-07-10T04:36:01.378704,USD_JPY,BUY,1000,2599,146.36750,146.37,146.37,0.00050,4
2025-07-10T04:47:16.206330,GBP_CAD,BUY,1000,2601,1.86122,1.86022,1.86197,0.00050,4
2025-07-10T04:52:28.407448,AUD_JPY,BUY,1000,2603,95.71500,95.71,95.72,0.00050,4
2025-07-10T04:55:36.926940,GBP_JPY,BUY,1000,2607,198.98650,198.99,198.99,0.00050,4
2025-07-10T05:05:52.258290,USD_JPY,BUY,1000,2610,146.25250,146.25,146.25,0.00050,5
2025-07-10T05:06:54.773793,GBP_USD,SELL,-1000,2612,1.36047,1.36147,1.35972,0.00050,5
2025-07-10T05:07:57.016052,EUR_USD,SELL,-1000,2616,1.17361,1.17461,1.17286,0.00050,5
2025-07-10T05:16:14.760536,EUR_JPY,SELL,-1000,2618,171.70250,171.70,171.70,0.00050,5
2025-07-10T05:18:19.575838,EUR_USD,BUY,1000,2620,1.17372,1.17272,1.17447,0.00050,5
2025-07-10T05:19:22.074262,GBP_CAD,BUY,1000,2624,1.86160,1.86061,1.86235,0.00050,5
2025-07-10T05:20:24.595030,GBP_USD,BUY,1000,2626,1.36075,1.35975,1.36150,0.00050,5
2025-07-10T05:21:27.181771,AUD_JPY,BUY,1000,2630,95.76650,95.77,95.77,0.00050,5
2025-07-10T05:24:33.546005,GBP_USD,SELL,-1000,2632,1.36055,1.36155,1.35980,0.00050,5
2025-07-10T05:26:38.236542,GBP_AUD,SELL,-1000,2636,2.07862,2.07962,2.07787,0.00050,5
2025-07-10T05:27:41.400267,GBP_AUD,BUY,1000,2640,2.07909,2.07809,2.07984,0.00050,5
2025-07-10T05:31:50.305125,GBP_AUD,SELL,-1000,2644,2.07865,2.07965,2.07790,0.00050,5
2025-07-10T05:33:55.003634,GBP_USD,BUY,1000,2648,1.36078,1.35978,1.36153,0.00050,5
2025-07-10T05:39:09.300837,GBP_CAD,BUY,1000,2652,1.86156,1.86056,1.86231,0.00050,5
2025-07-10T05:40:11.550225,USD_JPY,BUY,1000,2654,146.20850,146.21,146.21,0.00050,5
2025-07-10T05:41:14.205682,EUR_CAD,SELL,-1000,2656,1.60574,1.60674,1.60499,0.00050,5
2025-07-10T05:45:23.637721,USD_JPY,BUY,1000,2658,146.26500,146.26,146.27,0.00050,5
2025-07-10T05:46:25.929195,GBP_JPY,BUY,1000,2660,199.02200,199.02,199.02,0.00050,5
2025-07-10T05:47:28.297024,EUR_JPY,BUY,1000,2662,171.70050,171.70,171.70,0.00050,5
2025-07-10T05:48:31.293646,EUR_CAD,SELL,-1000,2664,1.60559,1.60658,1.60484,0.00050,5
2025-07-10T05:52:39.951210,EUR_AUD,SELL,-1000,2666,1.79252,1.79352,1.79177,0.00050,5
2025-07-10T05:53:42.545385,GBP_CAD,BUY,1000,2670,1.86158,1.86058,1.86233,0.00050,5
2025-07-10T06:01:46.411658,GBP_USD,BUY,1000,2676,1.36105,1.36005,1.36180,0.00050,6
2025-07-10T06:02:48.698939,GBP_AUD,SELL,-1000,2678,2.07796,2.07896,2.07721,0.00050,6
2025-07-10T06:03:50.973039,GBP_USD,SELL,-1000,2682,1.36105,1.36205,1.36030,0.00050,6
2025-07-10T06:04:53.364509,EUR_USD,BUY,1000,2686,1.17417,1.17318,1.17492,0.00050,6
2025-07-10T06:07:59.860658,EUR_AUD,BUY,1000,2692,1.79176,1.79076,1.79251,0.00050,6
2025-07-10T06:09:02.432761,GBP_AUD,BUY,1000,2696,2.07759,2.07659,2.07834,0.00050,6
2025-07-10T06:11:06.987768,USD_JPY,BUY,1000,2700,146.23700,146.24,146.24,0.00050,6
2025-07-10T06:12:09.387707,GBP_USD,SELL,-1000,2702,1.36108,1.36207,1.36033,0.00050,6
2025-07-10T06:13:11.911290,EUR_AUD,BUY,1000,2706,1.79154,1.79054,1.79229,0.00050,6
2025-07-10T06:14:14.125917,USD_JPY,BUY,1000,2708,146.22850,146.23,146.23,0.00050,6
2025-07-10T06:15:16.319890,GBP_JPY,BUY,1000,2710,199.08150,199.08,199.08,0.00050,6
2025-07-10T06:16:18.658850,GBP_USD,BUY,1000,2712,1.36153,1.36054,1.36228,0.00050,6
2025-07-10T06:17:21.076732,GBP_CAD,BUY,1000,2716,1.86130,1.86031,1.86206,0.00050,6
2025-07-10T06:22:32.794046,USD_JPY,BUY,1000,2720,146.22950,146.23,146.23,0.00050,6
2025-07-10T06:24:40.341502,USD_CAD,SELL,-1000,2722,1.36721,1.36820,1.36645,0.00050,6
2025-07-10T06:25:42.768787,GBP_CAD,SELL,-1000,2728,1.86069,1.86169,1.85994,0.00050,6
2025-07-10T06:26:45.117659,EUR_AUD,SELL,-1000,2732,1.79089,1.79189,1.79014,0.00050,6
2025-07-10T06:28:49.770403,EUR_AUD,BUY,1000,2736,1.79100,1.79000,1.79175,0.00050,6
2025-07-10T06:29:52.138270,EUR_AUD,BUY,1000,2740,1.79052,1.78952,1.79127,0.00050,6
2025-07-10T06:30:54.430774,EUR_AUD,BUY,1000,2744,1.79072,1.78972,1.79147,0.00050,6
2025-07-10T06:32:59.191981,USD_CAD,BUY,1000,2746,1.36714,1.36614,1.36789,0.00050,6
2025-07-10T06:34:01.460234,EUR_AUD,BUY,1000,2748,1.79074,1.78974,1.79149,0.00050,6
2025-07-10T06:35:03.847904,EUR_AUD,BUY,1000,2750,1.79059,1.78959,1.79134,0.00050,6
2025-07-10T06:36:06.410613,EUR_CAD,SELL,-1000,2754,1.60418,1.60518,1.60343,0.00050,6
2025-07-10T06:37:08.842308,EUR_AUD,SELL,-1000,2758,1.79045,1.79144,1.78970,0.00050,6
2025-07-10T06:39:13.310184,EUR_USD,BUY,1000,2762,1.17329,1.17229,1.17404,0.00050,6
2025-07-10T06:40:15.644122,EUR_AUD,BUY,1000,2766,1.79011,1.78911,1.79086,0.00050,6
2025-07-11T04:23:17.686727,EUR_USD,BUY,1000,2778,1.00000,0.99975,1.00025,0.00050,4
2025-07-11T04:28:13.813411,EUR_USD,BUY,1000,2780,1.00000,0.99975,1.00025,0.00050,4
2025-07-11T04:30:32.585217,EUR_USD,BUY,1000,2782,1.00000,0.99975,1.00025,0.00050,4
2025-07-11T04:34:59.303903,EUR_USD,BUY,1000,2784,1.00000,0.99975,1.00025,0.00050,4
